file	line	kind	name	ext_prod_files	ext_test_files	verdict
crates/core/src/engine/lifecycle.rs	29	fn	get_last_error	0	2	TEST-ONLY
crates/core/src/engine/lifecycle.rs	40	fn	cancel_request	1	3	USED
crates/core/src/engine/lifecycle.rs	59	fn	add_request	12	19	USED
crates/core/src/engine/draft_management.rs	29	fn	set_draft_loader	3	1	USED
crates/core/src/engine/draft_management.rs	43	fn	memory_budget	8	2	USED
crates/core/src/engine/draft_management.rs	48	fn	draft_registry	3	1	USED
crates/core/src/engine/draft_management.rs	58	fn	register_draft	0	1	TEST-ONLY
crates/core/src/engine/draft_management.rs	71	fn	attach_draft	0	1	TEST-ONLY
crates/core/src/engine/draft_management.rs	86	fn	attach_draft_budgeted	0	1	TEST-ONLY
crates/core/src/engine/draft_management.rs	101	fn	unload_draft	0	1	TEST-ONLY
crates/core/src/engine/draft_management.rs	111	fn	force_unload_draft	0	1	TEST-ONLY
crates/core/src/engine/draft_management.rs	121	fn	increment_draft_ref	0	1	TEST-ONLY
crates/core/src/engine/draft_management.rs	131	fn	decrement_draft_ref	0	1	TEST-ONLY
crates/core/src/engine/draft_management.rs	146	fn	enable_adaptive_speculative	5	4	USED
crates/core/src/engine/draft_management.rs	152	fn	disable_adaptive_speculative	0	2	TEST-ONLY
crates/core/src/engine/cuda_graph.rs	25	fn	capture_cuda_graphs	0	0	INTERNAL-ONLY
crates/core/src/engine/cuda_graph.rs	42	fn	capture_cuda_graphs	0	0	INTERNAL-ONLY
crates/core/src/engine/cuda_graph.rs	52	fn	cuda_graph_enabled	1	1	USED
crates/core/src/engine/cuda_graph.rs	60	fn	cuda_graph_enabled	1	1	USED
crates/core/src/engine/run.rs	28	fn	run	19	20	USED
crates/core/src/engine/run.rs	91	fn	has_pending	2	13	USED
crates/core/src/engine/graph_step.rs	40	fn	step_with_graph	2	0	USED
crates/core/src/engine/graph_step.rs	84	fn	step_with_graph	2	0	USED
crates/core/src/engine/beam.rs	20	fn	step_beam	0	0	TRULY-UNUSED
crates/core/src/engine/mod.rs	154	fn	next_interval	1	1	USED
crates/core/src/engine/ctor/mod.rs	41	fn	new_boxed	4	1	USED
crates/core/src/engine/ctor/mod.rs	62	fn	with_config_boxed	2	0	USED
crates/core/src/engine/ctor/mod.rs	111	fn	new	225	88	USED
crates/core/src/engine/ctor/mod.rs	125	fn	with_config	2	6	USED
crates/core/src/engine/ctor/drafts.rs	31	fn	with_drafts_boxed	4	1	USED
crates/core/src/engine/ctor/drafts.rs	61	fn	with_drafts	0	2	TEST-ONLY
crates/core/src/engine/ctor/drafts.rs	86	fn	with_budget_boxed	4	2	USED
crates/core/src/engine/ctor/builder.rs	70	fn	new	225	88	USED
crates/core/src/engine/ctor/builder.rs	85	fn	with_draft_model	1	2	USED
crates/core/src/engine/ctor/builder.rs	92	fn	with_config	2	6	USED
crates/core/src/engine/ctor/builder.rs	113	fn	with_adaptive_decoder	0	1	TEST-ONLY
crates/core/src/engine/ctor/builder.rs	120	fn	with_draft_resolver	0	1	TEST-ONLY
crates/core/src/engine/ctor/builder.rs	135	fn	build	30	8	USED
crates/core/src/error/recovery.rs	20	fn	from_error	0	0	INTERNAL-ONLY
crates/core/src/error/recovery.rs	72	fn	builder	45	9	USED
crates/core/src/error/recovery.rs	103	fn	new	225	88	USED
crates/core/src/error/recovery.rs	110	fn	get_or_create_circuit_breaker	0	0	INTERNAL-ONLY
crates/core/src/error/recovery.rs	117	fn	determine_action	0	0	INTERNAL-ONLY
crates/core/src/metrics/collector/metrics.rs	37	fn	parse	13	3	USED
crates/core/src/metrics/collector/sampler.rs	72	fn	new	225	88	USED
crates/core/src/metrics/collector/sampler.rs	100	fn	snapshot	15	5	USED
crates/core/src/metrics/collector/sampler.rs	104	fn	record_tokens	4	0	USED
crates/core/src/metrics/collector/sampler.rs	108	fn	record_batch_size	4	0	USED
crates/core/src/metrics/collector/sampler.rs	112	fn	record_latency	4	1	USED
crates/core/src/metrics/collector/sampler.rs	116	fn	record_kv_cache_usage	2	1	USED
crates/core/src/metrics/collector/sampler.rs	120	fn	record_prefix_cache_hit	1	1	USED
crates/core/src/metrics/collector/sampler.rs	124	fn	record_prefix_cache_request	1	1	USED
crates/core/src/metrics/collector/sampler.rs	128	fn	prefix_cache_hits	2	0	USED
crates/core/src/metrics/collector/sampler.rs	132	fn	prefix_cache_requests	2	0	USED
crates/core/src/metrics/collector/sampler.rs	137	fn	record_cuda_graph_hit	3	1	USED
crates/core/src/metrics/collector/sampler.rs	141	fn	record_cuda_graph_miss	2	0	USED
crates/core/src/metrics/collector/sampler.rs	146	fn	record_packing_sequence	0	0	TRULY-UNUSED
crates/core/src/metrics/collector/sampler.rs	151	fn	record_packing_efficiency	1	1	USED
crates/core/src/metrics/collector/sampler.rs	157	fn	record_packing_waste_ratio	0	0	TRULY-UNUSED
crates/core/src/metrics/collector/sampler.rs	168	fn	record_speculative_acceptance	0	1	TEST-ONLY
crates/core/src/metrics/collector/sampler.rs	176	fn	record_speculative_draft_count	0	0	TRULY-UNUSED
crates/core/src/metrics/collector/sampler.rs	180	fn	record_speculative_adjustment	1	0	USED
crates/core/src/metrics/collector/sampler.rs	185	fn	record_speculative_efficiency	1	1	USED
crates/core/src/metrics/collector/sampler.rs	191	fn	record_throughput_speedup	0	1	TEST-ONLY
crates/core/src/metrics/collector/sampler.rs	205	fn	record_per_request_acceptance	1	1	USED
crates/core/src/metrics/collector/sampler.rs	227	fn	get_per_request_acceptance_rate	0	0	TRULY-UNUSED
crates/core/src/metrics/collector/sampler.rs	241	fn	remove_per_request	2	0	USED
crates/core/src/metrics/collector/sampler.rs	248	fn	record_request	2	0	USED
crates/core/src/metrics/collector/sampler.rs	252	fn	record_error	0	0	TRULY-UNUSED
crates/core/src/metrics/collector/sampler.rs	256	fn	set_queue_depth	3	0	USED
crates/core/src/metrics/collector/sampler.rs	260	fn	set_active_sequences	2	0	USED
crates/core/src/metrics/collector/sampler.rs	264	fn	record_inference_latency	1	1	USED
crates/core/src/metrics/collector/sampler.rs	278	fn	inc_draft_resolution	1	2	USED
crates/core/src/metrics/collector/sampler.rs	296	fn	inc_draft_load_failure	1	3	USED
crates/core/src/metrics/collector/sampler.rs	302	fn	inc_draft_runtime_error	1	3	USED
crates/core/src/metrics/collector/sampler.rs	308	fn	draft_metrics_snapshot	1	4	USED
crates/core/src/metrics/collector/sampler.rs	323	fn	get_counter	3	2	USED
crates/core/src/metrics/collector/sampler.rs	335	fn	get_gauge	2	1	USED
crates/core/src/metrics/lock_free.rs	89	fn	with_capacity	26	2	USED
crates/core/src/metrics/lock_free.rs	116	fn	record_tokens	4	0	USED
crates/core/src/metrics/lock_free.rs	121	fn	record_request	2	0	USED
crates/core/src/metrics/lock_free.rs	128	fn	record_latency	4	1	USED
crates/core/src/metrics/lock_free.rs	133	fn	record_batch_size	4	0	USED
crates/core/src/metrics/lock_free.rs	139	fn	record_request_start	0	1	TEST-ONLY
crates/core/src/metrics/lock_free.rs	145	fn	record_request_end	0	1	TEST-ONLY
crates/core/src/metrics/lock_free.rs	151	fn	record_kv_cache_usage	2	1	USED
crates/core/src/metrics/lock_free.rs	158	fn	record_prefix_cache_hit	1	1	USED
crates/core/src/metrics/lock_free.rs	164	fn	record_prefix_cache_request	1	1	USED
crates/core/src/metrics/lock_free.rs	169	fn	record_prefill_tokens	0	1	TEST-ONLY
crates/core/src/metrics/lock_free.rs	174	fn	record_decode_tokens	0	1	TEST-ONLY
crates/core/src/metrics/lock_free.rs	180	fn	record_scheduler_wait_time	0	1	TEST-ONLY
crates/core/src/metrics/lock_free.rs	186	fn	requests_total	5	1	USED
crates/core/src/metrics/lock_free.rs	192	fn	prefix_cache_hits	2	0	USED
crates/core/src/metrics/lock_free.rs	198	fn	prefix_cache_requests	2	0	USED
crates/core/src/metrics/lock_free.rs	210	fn	snapshot	15	5	USED
crates/core/src/metrics/lock_free.rs	318	fn	new	225	88	USED
crates/core/src/metrics/types.rs	18	fn	name	45	15	USED
crates/core/src/metrics/types.rs	48	fn	increment	5	2	USED
crates/core/src/metrics/types.rs	56	fn	set	32	9	USED
crates/core/src/metrics/types.rs	64	fn	as_u64	5	0	USED
crates/core/src/metrics/types.rs	81	fn	new	225	88	USED
crates/core/src/metrics/types.rs	86	fn	with	147	52	USED
crates/core/src/metrics/types.rs	92	fn	as_slice	5	0	USED
crates/core/src/metrics/exporter/mod.rs	44	fn	record	8	7	USED
crates/core/src/metrics/exporter/mod.rs	57	fn	snapshot	15	5	USED
crates/core/src/metrics/exporter/mod.rs	92	fn	default_arc	9	3	USED
crates/core/src/scheduler/memory/allocator.rs	51	fn	new	225	88	USED
crates/core/src/scheduler/memory/allocator.rs	79	fn	allocate	9	5	USED
crates/core/src/scheduler/memory/allocator.rs	127	fn	free	16	5	USED
crates/core/src/scheduler/memory/allocator.rs	171	fn	stats	9	3	USED
crates/core/src/scheduler/memory/eviction.rs	42	fn	new	225	88	USED
crates/core/src/scheduler/memory/eviction.rs	51	fn	select_victims	2	3	USED
crates/core/src/scheduler/memory/eviction.rs	145	fn	invalidate_cache	0	0	INTERNAL-ONLY
crates/core/src/scheduler/memory/eviction.rs	149	fn	record_blocks	2	1	USED
crates/core/src/scheduler/memory/eviction.rs	158	fn	release_blocks	4	2	USED
crates/core/src/scheduler/memory/eviction.rs	170	fn	touch_blocks	1	1	USED
crates/core/src/scheduler/memory/eviction.rs	178	fn	get_block_ref_count	1	1	USED
crates/core/src/scheduler/memory/eviction.rs	183	fn	stats	9	3	USED
crates/core/src/scheduler/memory/mod.rs	34	fn	new	225	88	USED
crates/core/src/scheduler/memory/mod.rs	44	fn	allocate	9	5	USED
crates/core/src/scheduler/memory/mod.rs	50	fn	free	16	5	USED
crates/core/src/scheduler/memory/mod.rs	55	fn	release_blocks	4	2	USED
crates/core/src/scheduler/memory/mod.rs	62	fn	select_victims	2	3	USED
crates/core/src/scheduler/memory/mod.rs	83	fn	record_blocks	2	1	USED
crates/core/src/scheduler/memory/mod.rs	88	fn	touch_blocks	1	1	USED
crates/core/src/scheduler/memory/mod.rs	106	fn	allocator_stats	0	0	TRULY-UNUSED
crates/core/src/scheduler/memory/mod.rs	112	fn	should_preempt	1	1	USED
crates/core/src/scheduler/memory/mod.rs	129	fn	execute_preemption	2	0	USED
crates/core/src/scheduler/memory/mod.rs	184	fn	rollback	2	1	USED
crates/core/src/scheduler/policy/trait_def.rs	39	fn	default_arc	9	3	USED
crates/core/src/scheduler/radix_cache/node.rs	25	fn	new	225	88	USED
crates/core/src/scheduler/radix_cache/node.rs	35	fn	with_tokens	0	0	TRULY-UNUSED
crates/core/src/scheduler/radix_cache/tree.rs	27	fn	new	225	88	USED
crates/core/src/scheduler/radix_cache/tree.rs	36	fn	longest_prefix_match	4	1	USED
crates/core/src/scheduler/radix_cache/tree.rs	60	fn	insert	32	5	USED
crates/core/src/scheduler/radix_cache/tree.rs	91	fn	clear	6	1	USED
crates/core/src/scheduler/cuda_graph.rs	20	fn	into_regular	0	1	TEST-ONLY
crates/core/src/scheduler/cuda_graph.rs	63	fn	into_batch	0	0	INTERNAL-ONLY
crates/core/src/scheduler/cuda_graph.rs	89	fn	supports_batch_size	2	1	USED
crates/core/src/scheduler/cuda_graph.rs	96	fn	builder	45	9	USED
crates/core/src/scheduler/cuda_graph.rs	116	fn	with_batch_sizes	0	0	TRULY-UNUSED
crates/core/src/scheduler/cuda_graph.rs	122	fn	build	30	8	USED
crates/core/src/scheduler/stats.rs	41	fn	new	225	88	USED
crates/core/src/scheduler/stats.rs	58	fn	record_batch	0	0	TRULY-UNUSED
crates/core/src/scheduler/engine/graph.rs	17	fn	build_batch_with_graph	2	1	USED
crates/core/src/scheduler/engine/update.rs	24	fn	update	12	11	USED
crates/core/src/scheduler/engine/memory.rs	79	fn	memory_rollback	1	0	USED
crates/core/src/scheduler/engine/memory.rs	86	fn	cancel_request	1	3	USED
crates/core/src/scheduler/engine/state/mod.rs	81	fn	new	225	88	USED
crates/core/src/scheduler/engine/state/mod.rs	125	fn	set_policy	1	1	USED
crates/core/src/scheduler/engine/state/mod.rs	131	fn	schedule	4	0	USED
crates/core/src/scheduler/engine/state/mod.rs	149	fn	has_pending	2	13	USED
crates/core/src/scheduler/engine/state/mod.rs	161	fn	waiting_count	5	4	USED
crates/core/src/scheduler/engine/state/mod.rs	169	fn	prefix_cache_hit_rate	3	1	USED
crates/core/src/scheduler/engine/state/mod.rs	180	fn	running	27	15	USED
crates/core/src/scheduler/engine/state/mod.rs	188	fn	get_sequence	2	1	USED
crates/core/src/scheduler/engine/state/mod.rs	195	fn	get_sequence_mut	1	1	USED
crates/core/src/scheduler/engine/state/mod.rs	200	fn	finished_sequences	3	2	USED
crates/core/src/scheduler/engine/state/mod.rs	205	fn	clear_finished	3	0	USED
crates/core/src/scheduler/engine/state/mod.rs	213	fn	register_observer	0	1	TEST-ONLY
crates/core/src/scheduler/engine/state/request.rs	20	fn	add_request	12	19	USED
crates/core/src/scheduler/engine/state/batch.rs	20	fn	build_batch	9	10	USED
crates/core/src/scheduler/batch_composer/validate.rs	37	fn	builder	45	9	USED
crates/core/src/scheduler/batch_composer/validate.rs	99	fn	builder	45	9	USED
crates/core/src/scheduler/batch_composer/validate.rs	141	fn	calculate_chunk_size	1	1	USED
crates/core/src/scheduler/batch_composer/compose.rs	27	fn	new	225	88	USED
crates/core/src/scheduler/batch_composer/compose.rs	37	fn	with_packing	2	0	USED
crates/core/src/scheduler/batch_composer/compose.rs	50	fn	with_chunked_prefill	0	1	TEST-ONLY
crates/core/src/scheduler/batch_composer/compose.rs	63	fn	compose	4	4	USED
crates/core/src/scheduler/batch_composer/compose.rs	75	fn	compose_with_chunking	0	1	TEST-ONLY
crates/core/src/scheduler/batch.rs	96	fn	step	43	27	USED
crates/core/src/scheduler/packing.rs	61	fn	pack_sequences	0	2	TEST-ONLY
crates/core/src/scheduler/phase_scheduler.rs	33	fn	builder	45	9	USED
crates/core/src/scheduler/phase_scheduler.rs	102	fn	select_phase	3	0	USED
crates/core/src/scheduler/preemption.rs	38	fn	should_preempt	1	1	USED
crates/core/src/scheduler/preemption.rs	87	fn	select_victim	0	1	TEST-ONLY
crates/core/src/scheduler/request_queue.rs	54	fn	new	225	88	USED
crates/core/src/scheduler/request_queue.rs	66	fn	enqueue	6	1	USED
crates/core/src/scheduler/request_queue.rs	102	fn	dequeue	1	1	USED
crates/core/src/scheduler/request_queue.rs	119	fn	get	60	16	USED
crates/core/src/scheduler/request_queue.rs	124	fn	get_mut	8	1	USED
crates/core/src/scheduler/request_queue.rs	130	fn	remove	18	5	USED
crates/core/src/scheduler/request_queue.rs	146	fn	drain_by_phase	2	1	USED
crates/core/src/scheduler/request_queue.rs	168	fn	len	105	47	USED
crates/core/src/scheduler/request_queue.rs	174	fn	is_empty	50	32	USED
crates/core/src/scheduler/request_queue.rs	180	fn	phase_len	3	1	USED
crates/core/src/scheduler/observer.rs	54	fn	default_arc	9	3	USED
crates/core/src/scheduler/observer.rs	103	fn	new	225	88	USED
crates/core/src/scheduler/observer.rs	110	const	MAX_OBSERVERS	0	0	INTERNAL-ONLY
crates/core/src/scheduler/observer.rs	116	fn	register	29	6	USED
crates/core/src/scheduler/observer.rs	134	fn	dispatch	16	4	USED
crates/core/src/speculative/model.rs	32	fn	new	225	88	USED
crates/core/src/speculative/model.rs	50	fn	verifier	5	2	USED
crates/core/src/speculative/model.rs	54	fn	mut_verifier	0	0	TRULY-UNUSED
crates/core/src/speculative/registry/types.rs	23	fn	as_str	26	6	USED
crates/core/src/speculative/registry/types.rs	76	fn	new	225	88	USED
crates/core/src/speculative/registry/types.rs	90	fn	with_arch_hint	1	1	USED
crates/core/src/speculative/registry/errors.rs	81	fn	load_failed	0	0	TRULY-UNUSED
crates/core/src/speculative/registry/errors.rs	92	fn	io_load	0	0	INTERNAL-ONLY
crates/core/src/speculative/registry/mod.rs	69	fn	new	225	88	USED
crates/core/src/speculative/registry/mod.rs	78	fn	with_budget	2	2	USED
crates/core/src/speculative/registry/loader.rs	31	fn	register	29	6	USED
crates/core/src/speculative/registry/loader.rs	59	fn	attach_loaded	4	2	USED
crates/core/src/speculative/registry/loader.rs	107	fn	attach_loaded_budgeted	3	1	USED
crates/core/src/speculative/registry/lifecycle.rs	38	fn	unload	5	3	USED
crates/core/src/speculative/registry/lifecycle.rs	76	fn	force_unload	1	2	USED
crates/core/src/speculative/registry/lifecycle.rs	117	fn	increment_ref	1	2	USED
crates/core/src/speculative/registry/lifecycle.rs	147	fn	decrement_ref	2	2	USED
crates/core/src/speculative/registry/lifecycle.rs	184	fn	ref_count	1	2	USED
crates/core/src/speculative/registry/lifecycle.rs	203	fn	get_loaded_backend	1	1	USED
crates/core/src/speculative/registry/lifecycle.rs	222	fn	lookup	20	4	USED
crates/core/src/speculative/registry/lifecycle.rs	243	fn	contains	24	18	USED
crates/core/src/speculative/registry/lifecycle.rs	256	fn	is_loaded	1	3	USED
crates/core/src/speculative/registry/lifecycle.rs	279	fn	draft_allocated_bytes	0	1	TEST-ONLY
crates/core/src/speculative/registry/lifecycle.rs	301	fn	draft_reserved_bytes	0	1	TEST-ONLY
crates/core/src/speculative/registry/lifecycle.rs	317	fn	ids	11	3	USED
crates/core/src/speculative/registry/lifecycle.rs	333	fn	len	105	47	USED
crates/core/src/speculative/registry/lifecycle.rs	343	fn	is_empty	50	32	USED
crates/core/src/speculative/adaptive.rs	31	fn	new	225	88	USED
crates/core/src/speculative/adaptive.rs	42	fn	with_alpha	0	1	TEST-ONLY
crates/core/src/speculative/adaptive.rs	52	fn	record	8	7	USED
crates/core/src/speculative/adaptive.rs	73	fn	acceptance_rate	1	1	USED
crates/core/src/speculative/adaptive.rs	83	fn	acceptance_rate_ewma	0	1	TEST-ONLY
crates/core/src/speculative/adaptive.rs	88	fn	reset	4	1	USED
crates/core/src/speculative/adaptive.rs	95	fn	len	105	47	USED
crates/core/src/speculative/adaptive.rs	101	fn	is_empty	50	32	USED
crates/core/src/speculative/adaptive.rs	124	fn	new	225	88	USED
crates/core/src/speculative/adaptive.rs	151	fn	record_verification	1	1	USED
crates/core/src/speculative/adaptive.rs	228	fn	reset	4	1	USED
crates/core/src/speculative/config.rs	47	fn	builder	45	9	USED
crates/core/src/speculative/config.rs	52	fn	from_env	2	1	USED
crates/core/src/speculative/config.rs	125	fn	target_model	10	2	USED
crates/core/src/speculative/config.rs	143	fn	build	30	8	USED
crates/core/src/speculative/self_spec.rs	24	fn	new	225	88	USED
crates/core/src/speculative/self_spec.rs	64	fn	clear_draft_kv	0	0	TRULY-UNUSED
crates/core/src/speculative/self_spec.rs	68	fn	remove_draft_seq	0	0	INTERNAL-ONLY
crates/core/src/speculative/strategy.rs	24	fn	new_block_level	1	0	USED
crates/core/src/speculative/strategy.rs	31	fn	should_accept	0	0	INTERNAL-ONLY
crates/core/src/speculative/draft_resolver.rs	98	fn	default_arc	9	3	USED
crates/core/src/speculative/draft_resolver.rs	125	fn	new	225	88	USED
crates/core/src/speculative/draft_resolver.rs	141	fn	resolve	9	3	USED
crates/core/src/speculative/draft_resolver.rs	227	fn	self_spec	5	5	USED
crates/core/src/speculative/memory_budget.rs	79	fn	unlimited	4	1	USED
crates/core/src/speculative/memory_budget.rs	106	fn	snapshot	15	5	USED
crates/core/src/speculative/memory_budget.rs	126	fn	reserve_target	0	0	INTERNAL-ONLY
crates/core/src/speculative/memory_budget.rs	146	fn	release_target	0	0	INTERNAL-ONLY
crates/core/src/speculative/memory_budget.rs	158	fn	try_reserve_draft	1	0	USED
crates/core/src/speculative/memory_budget.rs	182	fn	release_draft	2	0	USED
crates/core/src/speculative/memory_budget.rs	192	fn	record_draft_kv_growth	0	0	INTERNAL-ONLY
crates/core/src/speculative/memory_budget.rs	212	fn	total_bytes	0	3	TEST-ONLY
crates/core/src/speculative/verifier.rs	60	fn	acceptance_rate	1	1	USED
crates/core/src/speculative/verifier.rs	130	fn	default_arc	9	3	USED
crates/core/src/beam.rs	27	fn	new	225	88	USED
crates/core/src/beam.rs	39	fn	push	63	14	USED
crates/core/src/circuit_breaker/strategy.rs	68	fn	builder	45	9	USED
crates/core/src/circuit_breaker/strategy.rs	181	fn	execute	7	3	USED
crates/core/src/circuit_breaker/breaker.rs	48	fn	builder	45	9	USED
crates/core/src/circuit_breaker/breaker.rs	109	fn	new	225	88	USED
crates/core/src/ha/failover.rs	41	fn	new	225	88	USED
crates/core/src/ha/failover.rs	49	fn	leader_election	1	0	USED
crates/core/src/ha/leader_election.rs	32	fn	new	225	88	USED
crates/core/src/routing/hash_router.rs	36	fn	new	225	88	USED
crates/core/src/types/adaptive_draft.rs	43	fn	builder	45	9	USED
crates/core/src/types/sequence_packing.rs	31	fn	builder	45	9	USED
crates/core/src/types/sequence_packing.rs	73	fn	from_env	2	1	USED
crates/core/src/types/scheduler_config.rs	56	fn	new	225	88	USED
crates/core/src/types/scheduler_config.rs	129	fn	builder	45	9	USED
crates/core/src/types/scheduler_config.rs	205	fn	with_cuda_graph	0	0	TRULY-UNUSED
crates/core/src/types/scheduler_config.rs	217	fn	build	30	8	USED
crates/core/src/types/sampling.rs	48	fn	builder	45	9	USED
crates/core/src/types/request.rs	51	fn	new	225	88	USED
crates/core/src/types/request.rs	72	fn	with_draft_model	1	2	USED
crates/dist/src/distributed_kv/protocol.rs	69	fn	new	225	88	USED
crates/dist/src/distributed_kv/protocol.rs	91	fn	read_request	0	0	INTERNAL-ONLY
crates/dist/src/distributed_kv/protocol.rs	103	fn	invalidate	3	1	USED
crates/dist/src/distributed_kv/protocol.rs	115	fn	update	12	11	USED
crates/dist/src/distributed_kv/mod.rs	62	fn	new	225	88	USED
crates/dist/src/distributed_kv/cache.rs	55	fn	new	225	88	USED
crates/dist/src/distributed_kv/cache.rs	68	fn	get	60	16	USED
crates/dist/src/distributed_kv/cache.rs	96	fn	put	1	0	USED
crates/dist/src/distributed_kv/cache.rs	132	fn	invalidate	3	1	USED
crates/dist/src/distributed_kv/cache.rs	149	fn	handle_message	0	0	INTERNAL-ONLY
crates/dist/src/distributed_kv/cache.rs	192	fn	stats	9	3	USED
crates/dist/src/distributed_kv/cache.rs	216	fn	memory_usage	0	0	TRULY-UNUSED
crates/dist/src/generated/vllm.distributed.rs	70	struct	NodeServiceClient	0	0	INTERNAL-ONLY
crates/dist/src/generated/vllm.distributed.rs	91	fn	new	225	88	USED
crates/dist/src/generated/vllm.distributed.rs	95	fn	with_origin	0	0	INTERNAL-ONLY
crates/dist/src/generated/vllm.distributed.rs	99	fn	with_interceptor	0	0	INTERNAL-ONLY
crates/dist/src/generated/vllm.distributed.rs	123	fn	send_compressed	0	0	INTERNAL-ONLY
crates/dist/src/generated/vllm.distributed.rs	129	fn	accept_compressed	0	0	INTERNAL-ONLY
crates/dist/src/generated/vllm.distributed.rs	137	fn	max_decoding_message_size	0	0	INTERNAL-ONLY
crates/dist/src/generated/vllm.distributed.rs	145	fn	max_encoding_message_size	0	0	INTERNAL-ONLY
crates/dist/src/generated/vllm.distributed.rs	256	trait	NodeService	1	0	USED
crates/dist/src/generated/vllm.distributed.rs	284	struct	NodeServiceServer	1	0	USED
crates/dist/src/generated/vllm.distributed.rs	292	fn	new	225	88	USED
crates/dist/src/generated/vllm.distributed.rs	295	fn	from_arc	0	0	INTERNAL-ONLY
crates/dist/src/generated/vllm.distributed.rs	304	fn	with_interceptor	0	0	INTERNAL-ONLY
crates/dist/src/generated/vllm.distributed.rs	315	fn	accept_compressed	0	0	INTERNAL-ONLY
crates/dist/src/generated/vllm.distributed.rs	321	fn	send_compressed	0	0	INTERNAL-ONLY
crates/dist/src/generated/vllm.distributed.rs	329	fn	max_decoding_message_size	0	0	INTERNAL-ONLY
crates/dist/src/generated/vllm.distributed.rs	337	fn	max_encoding_message_size	0	0	INTERNAL-ONLY
crates/dist/src/generated/vllm.distributed.rs	570	const	SERVICE_NAME	0	0	INTERNAL-ONLY
crates/dist/src/pipeline/pipeline.rs	48	fn	new	225	88	USED
crates/dist/src/pipeline/pipeline.rs	58	fn	add_stage	0	0	INTERNAL-ONLY
crates/dist/src/pipeline/pipeline.rs	66	fn	num_stages	1	0	USED
crates/dist/src/pipeline/pipeline.rs	81	fn	is_pipeline_parallel	0	0	INTERNAL-ONLY
crates/dist/src/pipeline/pipeline.rs	99	fn	forward	75	32	USED
crates/dist/src/pipeline/pipeline.rs	139	fn	forward_microbatches	1	0	USED
crates/dist/src/pipeline/pipeline.rs	171	fn	forward_with_schedule	0	0	TRULY-UNUSED
crates/dist/src/pipeline/stage.rs	28	fn	new	225	88	USED
crates/dist/src/pipeline/stage.rs	149	fn	default_arc	9	3	USED
crates/dist/src/tensor_parallel/all_reduce.rs	123	fn	default_arc	9	3	USED
crates/dist/src/tensor_parallel/device_mesh.rs	24	fn	new	225	88	USED
crates/dist/src/tensor_parallel/device_mesh.rs	57	fn	local_device_id	0	0	INTERNAL-ONLY
crates/dist/src/tensor_parallel/device_mesh.rs	84	fn	new	225	88	USED
crates/dist/src/tensor_parallel/device_mesh.rs	129	fn	local_mesh	0	0	TRULY-UNUSED
crates/dist/src/tensor_parallel/device_mesh.rs	134	fn	peers	2	0	USED
crates/dist/src/tensor_parallel/parallel_linear.rs	23	fn	new	225	88	USED
crates/dist/src/tensor_parallel/parallel_linear.rs	38	fn	output_size_per_rank	0	0	INTERNAL-ONLY
crates/dist/src/tensor_parallel/parallel_linear.rs	46	fn	forward	75	32	USED
crates/dist/src/tensor_parallel/parallel_linear.rs	83	fn	new	225	88	USED
crates/dist/src/tensor_parallel/parallel_linear.rs	101	fn	input_size_per_rank	0	0	INTERNAL-ONLY
crates/dist/src/tensor_parallel/parallel_linear.rs	115	fn	forward	75	32	USED
crates/dist/src/tensor_parallel/parallel_linear.rs	162	fn	new	225	88	USED
crates/dist/src/tensor_parallel/parallel_linear.rs	178	fn	create_column_parallel	0	0	INTERNAL-ONLY
crates/dist/src/tensor_parallel/parallel_linear.rs	196	fn	create_row_parallel	0	0	INTERNAL-ONLY
crates/dist/src/types.rs	17	fn	new	225	88	USED
crates/dist/src/types.rs	29	fn	local_device	1	0	USED
crates/dist/src/grpc.rs	38	fn	new	225	88	USED
crates/dist/src/grpc.rs	74	fn	into_service	0	0	INTERNAL-ONLY
crates/model/src/arch/capabilities.rs	20	const	PRODUCTION	4	1	USED
crates/model/src/arch/capabilities.rs	28	const	PRODUCTION_SPECULATIVE	2	1	USED
crates/model/src/arch/capabilities.rs	36	const	HYBRID	0	0	TRULY-UNUSED
crates/model/src/arch/capabilities.rs	44	const	STUB	5	2	USED
crates/model/src/arch/registry.rs	51	fn	new	225	88	USED
crates/model/src/arch/registry.rs	66	fn	register	29	6	USED
crates/model/src/arch/registry.rs	81	fn	get	60	16	USED
crates/model/src/arch/registry.rs	98	fn	detect	15	3	USED
crates/model/src/arch/registry.rs	120	fn	names	3	2	USED
crates/model/src/arch/registry.rs	134	fn	capabilities_for	0	1	TEST-ONLY
crates/model/src/arch/mod.rs	115	fn	default_arc	9	3	USED
crates/model/src/components/attention/flash.rs	23	fn	forward	75	32	USED
crates/model/src/components/attention/flash_attention_v3.rs	68	fn	forward	75	32	USED
crates/model/src/components/attention/flash_attention_v3.rs	122	fn	forward_with_swa	0	1	TEST-ONLY
crates/model/src/components/attention/flash_attention_v3.rs	198	fn	forward	75	32	USED
crates/model/src/components/attention/flash_attention_v3.rs	269	fn	forward	75	32	USED
crates/model/src/components/attention/mla.rs	106	fn	split_q	0	1	TEST-ONLY
crates/model/src/components/attention/mla.rs	123	fn	concat_q_nope_rope	0	1	TEST-ONLY
crates/model/src/components/attention/mla.rs	137	fn	reshape_k	0	1	TEST-ONLY
crates/model/src/components/attention/mla.rs	147	fn	reshape_v	0	1	TEST-ONLY
crates/model/src/components/attention/mla.rs	175	fn	forward	75	32	USED
crates/model/src/components/attention/mla.rs	256	fn	new	225	88	USED
crates/model/src/components/attention/rope_gqa.rs	36	fn	new	225	88	USED
crates/model/src/components/attention/rope_gqa.rs	65	fn	new_with_weights	11	2	USED
crates/model/src/components/attention/rope_gqa.rs	101	fn	forward	75	32	USED
crates/model/src/components/attention/rope_gqa.rs	152	fn	forward_prefill	20	6	USED
crates/model/src/components/attention/rope_gqa.rs	208	fn	forward_decode	20	6	USED
crates/model/src/components/attention/gqa/mod.rs	48	fn	new	225	88	USED
crates/model/src/components/attention/gqa/mod.rs	95	fn	new_with_weights	11	2	USED
crates/model/src/components/attention/gqa/mod.rs	151	fn	expand_kv	11	5	USED
crates/model/src/components/attention/gqa/forward.rs	37	fn	forward	75	32	USED
crates/model/src/components/attention/gqa/forward.rs	149	fn	paged_attention_fn	1	1	USED
crates/model/src/components/attention/gqa/forward.rs	159	fn	tiled_attention_fn	1	1	USED
crates/model/src/components/attention/gqa/forward.rs	170	fn	flash_attention_fn	1	1	USED
crates/model/src/components/attention/gqa/forward.rs	185	fn	run_attention_fn	2	0	USED
crates/model/src/components/attention/gqa/norm.rs	24	fn	project_qkv	5	1	USED
crates/model/src/components/attention/gqa/norm.rs	35	fn	apply_q_norm_impl	1	0	USED
crates/model/src/components/attention/gqa/norm.rs	57	fn	apply_k_norm_impl	0	0	INTERNAL-ONLY
crates/model/src/components/attention/gqa/norm.rs	79	fn	apply_q_norm_impl_flattened	2	0	USED
crates/model/src/components/attention/gqa/norm.rs	92	fn	apply_k_norm_impl_flattened	1	0	USED
crates/model/src/components/mlp/swiglu.rs	46	fn	new	225	88	USED
crates/model/src/components/mlp/swiglu.rs	65	fn	new_with_weights	11	2	USED
crates/model/src/components/mlp/swiglu.rs	83	fn	forward	75	32	USED
crates/model/src/components/norm/layer_norm.rs	25	fn	forward	75	32	USED
crates/model/src/components/norm/rms_norm.rs	26	fn	forward	75	32	USED
crates/model/src/components/positional/mrope.rs	45	fn	from_config	4	0	USED
crates/model/src/components/positional/mrope.rs	71	fn	apply	13	2	USED
crates/model/src/components/positional/rope.rs	32	fn	new	225	88	USED
crates/model/src/components/positional/rope.rs	48	fn	new_with_config	0	0	TRULY-UNUSED
crates/model/src/components/positional/rope.rs	69	fn	apply	13	2	USED
crates/model/src/components/positional/rope.rs	77	fn	forward	75	32	USED
crates/model/src/components/decoder_block/mod.rs	48	fn	forward	75	32	USED
crates/model/src/components/decoder_block/mod.rs	64	fn	forward_prefill	20	6	USED
crates/model/src/components/decoder_block/mod.rs	89	fn	forward_decode	20	6	USED
crates/model/src/components/gated_delta/state.rs	65	fn	new	225	88	USED
crates/model/src/components/gated_delta/rule/forward.rs	24	fn	forward	75	32	USED
crates/model/src/components/gated_delta/rule/forward.rs	33	fn	forward_prefill	20	6	USED
crates/model/src/components/gated_delta/rule/forward.rs	74	fn	forward_decode	20	6	USED
crates/model/src/components/ssm/harmonic.rs	28	fn	new	225	88	USED
crates/model/src/components/ssm/harmonic.rs	59	fn	forward	75	32	USED
crates/model/src/components/ssm/harmonic.rs	81	fn	forward_with_a	0	0	TRULY-UNUSED
crates/model/src/components/ssm/harmonic.rs	144	fn	from_weights	23	0	USED
crates/model/src/components/ssm/layer.rs	39	fn	new	225	88	USED
crates/model/src/components/ssm/layer.rs	66	fn	forward	75	32	USED
crates/model/src/components/ssm/layer.rs	108	fn	from_weights	23	0	USED
crates/model/src/components/ssm/mamba.rs	27	fn	new	225	88	USED
crates/model/src/components/ssm/mamba.rs	48	fn	forward	75	32	USED
crates/model/src/components/ssm/mamba.rs	108	fn	from_weights	23	0	USED
crates/model/src/components/kv_cache_fp8.rs	59	fn	quantize	6	3	USED
crates/model/src/components/kv_cache_fp8.rs	71	fn	dequantize	5	2	USED
crates/model/src/components/kv_cache_fp8.rs	192	fn	estimate_memory_savings	0	1	TEST-ONLY
crates/model/src/components/vision.rs	65	fn	new	225	88	USED
crates/model/src/components/vision.rs	82	fn	forward	75	32	USED
crates/model/src/components/vision.rs	108	fn	new	225	88	USED
crates/model/src/components/vision.rs	130	fn	forward	75	32	USED
crates/model/src/config/architecture.rs	33	fn	from_name	1	0	USED
crates/model/src/config/model_config.rs	59	fn	test_tiny_for	2	1	USED
crates/model/src/config/model_config.rs	238	fn	from_config_json	2	0	USED
crates/model/src/gemma4/mlp.rs	18	fn	new	225	88	USED
crates/model/src/gemma4/mlp.rs	34	fn	new_with_weights	11	2	USED
crates/model/src/gemma4/mlp.rs	48	fn	forward	75	32	USED
crates/model/src/gemma4/rope.rs	33	fn	rot_dim	0	0	INTERNAL-ONLY
crates/model/src/gemma4/rope.rs	106	fn	apply	13	2	USED
crates/model/src/gemma4/block.rs	29	fn	new	225	88	USED
crates/model/src/gemma4/block.rs	85	fn	from_weights	23	0	USED
crates/model/src/gemma4/block.rs	179	fn	forward	75	32	USED
crates/model/src/gemma4/block.rs	195	fn	forward_prefill	20	6	USED
crates/model/src/gemma4/block.rs	220	fn	forward_decode	20	6	USED
crates/model/src/gemma4/model.rs	22	fn	new	225	88	USED
crates/model/src/gemma4/model.rs	35	fn	from_weights	23	0	USED
crates/model/src/gemma4/attention/mod.rs	58	fn	new	225	88	USED
crates/model/src/gemma4/attention/mod.rs	89	fn	new_from_weights	1	0	USED
crates/model/src/gemma4/attention/forward.rs	21	fn	forward_prefill	20	6	USED
crates/model/src/gemma4/attention/forward.rs	56	fn	forward_decode	20	6	USED
crates/model/src/gemma4/attention/forward.rs	93	fn	forward	75	32	USED
crates/model/src/kernels/cuda_graph/executor.rs	44	fn	new	225	88	USED
crates/model/src/kernels/cuda_graph/executor.rs	114	fn	has_graph	1	2	USED
crates/model/src/kernels/cuda_graph/executor.rs	156	fn	graph_count	0	1	TEST-ONLY
crates/model/src/kernels/cuda_graph/executor.rs	161	fn	available_batch_sizes	0	0	INTERNAL-ONLY
crates/model/src/kernels/cuda_graph/executor.rs	171	fn	capture_all_graphs	1	0	USED
crates/model/src/kernels/cuda_graph/executor.rs	210	fn	warmup	3	1	USED
crates/model/src/kernels/cuda_graph/executor.rs	224	fn	invalidate	3	1	USED
crates/model/src/kernels/cuda_graph/executor.rs	240	fn	clear	6	1	USED
crates/model/src/kernels/cuda_graph/executor.rs	250	fn	execute	7	3	USED
crates/model/src/kernels/cuda_graph/executor.rs	292	fn	cache_hit_rate	0	1	TEST-ONLY
crates/model/src/kernels/flash_attention/config.rs	41	fn	new	225	88	USED
crates/model/src/kernels/flash_attention/kernel.rs	75	fn	new	225	88	USED
crates/model/src/kernels/flash_attention/kernel.rs	95	fn	forward	75	32	USED
crates/model/src/kernels/flash_attention/kernel/flash_attention_v2.rs	24	fn	new	225	88	USED
crates/model/src/kernels/flash_attention/kernel/flash_attention_v2.rs	44	fn	forward	75	32	USED
crates/model/src/kernels/flash_attention/kernel/flash_attention_v2.rs	159	fn	forward_with_causal_mask	0	0	TRULY-UNUSED
crates/model/src/kernels/flash_attention/kernel/scaled_dot_product.rs	21	fn	new	225	88	USED
crates/model/src/kernels/flash_attention/kernel/scaled_dot_product.rs	40	fn	compute_tiled	1	0	USED
crates/model/src/kernels/flash_attention/kernel/scaled_dot_product.rs	106	fn	compute_sliding_window	0	1	TEST-ONLY
crates/model/src/kernels/cuda_graph.rs	49	fn	default_arc	9	3	USED
crates/model/src/kernels/cuda_graph.rs	63	fn	default_arc	9	3	USED
crates/model/src/kernels/cuda_graph.rs	136	fn	new	225	88	USED
crates/model/src/kernels/cuda_graph.rs	145	fn	add_node	1	1	USED
crates/model/src/kernels/cuda_graph.rs	171	fn	execute	7	3	USED
crates/model/src/kernels/cuda_graph.rs	211	fn	new	225	88	USED
crates/model/src/kernels/cuda_graph.rs	218	fn	register_graph	0	1	TEST-ONLY
crates/model/src/kernels/cuda_graph.rs	226	fn	execute_graph	0	1	TEST-ONLY
crates/model/src/kernels/cuda_graph.rs	251	fn	has_graph	1	2	USED
crates/model/src/llama/model.rs	26	fn	new	225	88	USED
crates/model/src/llama/model.rs	34	fn	from_weights	23	0	USED
crates/model/src/loader/format.rs	37	fn	can_load	2	1	USED
crates/model/src/loader/format.rs	72	struct	GgufLoader	2	1	USED
crates/model/src/loader/builder.rs	43	fn	with_model_dir	2	2	USED
crates/model/src/loader/builder.rs	71	fn	build	30	8	USED
crates/model/src/loader/builder.rs	141	fn	new	225	88	USED
crates/model/src/loader/builder.rs	160	fn	device	85	29	USED
crates/model/src/loader/builder.rs	164	fn	architecture	84	15	USED
crates/model/src/loader/builder.rs	178	fn	config_json	12	1	USED
crates/model/src/loader/builder.rs	186	fn	detected_capabilities	0	1	TEST-ONLY
crates/model/src/loader/builder.rs	204	fn	load_config	0	1	TEST-ONLY
crates/model/src/loader/builder.rs	216	fn	load_weights	0	0	INTERNAL-ONLY
crates/model/src/loader/builder.rs	225	fn	load	36	13	USED
crates/model/src/loader/builder.rs	281	fn	load_model	2	6	USED
crates/model/src/loader/builder.rs	285	fn	print_weight_keys	0	0	TRULY-UNUSED
crates/model/src/mistral/model.rs	26	fn	new	225	88	USED
crates/model/src/mistral/model.rs	34	fn	from_weights	23	0	USED
crates/model/src/mixtral/block.rs	29	fn	new	225	88	USED
crates/model/src/mixtral/block.rs	85	fn	from_weights	23	0	USED
crates/model/src/mixtral/block.rs	217	fn	forward	75	32	USED
crates/model/src/mixtral/block.rs	233	fn	forward_prefill	20	6	USED
crates/model/src/mixtral/block.rs	258	fn	forward_decode	20	6	USED
crates/model/src/mixtral/model.rs	22	fn	new	225	88	USED
crates/model/src/mixtral/model.rs	41	fn	from_weights	23	0	USED
crates/model/src/mixtral/sparse_moe.rs	82	fn	new	225	88	USED
crates/model/src/mixtral/sparse_moe.rs	119	fn	new_with_weights	11	2	USED
crates/model/src/mixtral/sparse_moe.rs	161	fn	forward	75	32	USED
crates/model/src/paged_tensor/tensor_store/layout.rs	16	fn	num_blocks	10	2	USED
crates/model/src/paged_tensor/tensor_store/layout.rs	26	fn	get_scale	1	1	USED
crates/model/src/paged_tensor/tensor_store/layout.rs	42	fn	compute_block_hash	0	0	TRULY-UNUSED
crates/model/src/paged_tensor/tensor_store/layout.rs	55	fn	compute_block_hash_from_slice	1	0	USED
crates/model/src/paged_tensor/tensor_store/layout.rs	65	fn	find_matching_blocks	0	0	TRULY-UNUSED
crates/model/src/paged_tensor/tensor_store/pool.rs	35	fn	new	225	88	USED
crates/model/src/paged_tensor/tensor_store/pool.rs	65	fn	allocate	9	5	USED
crates/model/src/paged_tensor/tensor_store/pool.rs	69	fn	deallocate	0	0	TRULY-UNUSED
crates/model/src/paged_tensor/tensor_store/buffer.rs	27	fn	write_kv_batch	1	2	USED
crates/model/src/paged_tensor/tensor_store/buffer.rs	102	fn	write_kv	3	1	USED
crates/model/src/paged_tensor/tensor_store/buffer.rs	251	fn	read_kv	2	3	USED
crates/model/src/paged_tensor/tensor_store/mod.rs	44	fn	new	225	88	USED
crates/model/src/paged_tensor/quant.rs	33	fn	from_str	8	3	USED
crates/model/src/paged_tensor/quant.rs	135	fn	with_zeros	0	1	TEST-ONLY
crates/model/src/paged_tensor/quant.rs	141	fn	with_g_idx	0	0	TRULY-UNUSED
crates/model/src/paged_tensor/quant.rs	164	fn	quantize	6	3	USED
crates/model/src/paged_tensor/quant.rs	205	fn	dequantize	5	2	USED
crates/model/src/paged_tensor/quant.rs	254	fn	quantize	6	3	USED
crates/model/src/paged_tensor/quant.rs	295	fn	dequantize	5	2	USED
crates/model/src/quantize/types.rs	62	fn	dequantize_to_f16	1	0	USED
crates/model/src/quantize/types.rs	71	fn	dequantize_to_f32	1	0	USED
crates/model/src/quantize/mod.rs	32	fn	new	225	88	USED
crates/model/src/quantize/mod.rs	44	fn	into_f16	0	0	INTERNAL-ONLY
crates/model/src/quantize/mod.rs	57	fn	into_raw	0	0	TRULY-UNUSED
crates/model/src/qwen3/config/rope.rs	58	fn	parse	13	3	USED
crates/model/src/qwen3/config/model.rs	151	fn	vocab_size	24	21	USED
crates/model/src/qwen3/config/model.rs	156	fn	hidden_size	44	16	USED
crates/model/src/qwen3/config/model.rs	161	fn	num_hidden_layers	6	5	USED
crates/model/src/qwen3/config/model.rs	166	fn	num_attention_heads	5	5	USED
crates/model/src/qwen3/config/model.rs	171	fn	num_key_value_heads	4	5	USED
crates/model/src/qwen3/config/model.rs	176	fn	intermediate_size	16	8	USED
crates/model/src/qwen3/config/model.rs	181	fn	rope_theta	15	6	USED
crates/model/src/qwen3/config/model.rs	186	fn	max_position_embeddings	5	4	USED
crates/model/src/qwen3/config/model.rs	191	fn	rms_norm_eps	14	5	USED
crates/model/src/qwen3/config/model.rs	196	fn	layer_types	8	6	USED
crates/model/src/qwen3/config/model.rs	201	fn	linear_num_key_heads	1	0	USED
crates/model/src/qwen3/config/model.rs	206	fn	linear_num_value_heads	1	0	USED
crates/model/src/qwen3/config/model.rs	211	fn	linear_key_head_dim	1	0	USED
crates/model/src/qwen3/config/model.rs	216	fn	linear_value_head_dim	1	0	USED
crates/model/src/qwen3/config/model.rs	221	fn	linear_conv_kernel_dim	1	0	USED
crates/model/src/qwen3/config/model.rs	226	fn	full_attention_interval	1	0	USED
crates/model/src/qwen3/config/model.rs	245	fn	from_file	3	1	USED
crates/model/src/qwen3/config/model.rs	255	fn	vocab_size	24	21	USED
crates/model/src/qwen3/config/model.rs	262	fn	hidden_size	44	16	USED
crates/model/src/qwen3/config/model.rs	269	fn	num_hidden_layers	6	5	USED
crates/model/src/qwen3/config/model.rs	276	fn	num_attention_heads	5	5	USED
crates/model/src/qwen3/config/model.rs	287	fn	num_key_value_heads	4	5	USED
crates/model/src/qwen3/config/model.rs	298	fn	intermediate_size	16	8	USED
crates/model/src/qwen3/config/model.rs	305	fn	rope_theta	15	6	USED
crates/model/src/qwen3/config/model.rs	312	fn	max_position_embeddings	5	4	USED
crates/model/src/qwen3/config/model.rs	323	fn	rms_norm_eps	14	5	USED
crates/model/src/qwen3/config/model.rs	332	fn	tie_word_embeddings	7	3	USED
crates/model/src/qwen3/config/model.rs	337	fn	has_qk_norm	10	4	USED
crates/model/src/qwen3/config/model.rs	352	fn	head_dim	51	20	USED
crates/model/src/qwen3/config/model.rs	358	fn	layer_types	8	6	USED
crates/model/src/qwen3/config/model.rs	363	fn	full_attention_interval	1	0	USED
crates/model/src/qwen3/config/model.rs	370	fn	attention_type	0	1	TEST-ONLY
crates/model/src/qwen3/mla_attention.rs	23	fn	new	225	88	USED
crates/model/src/qwen3/mla_attention.rs	54	fn	forward	75	32	USED
crates/model/src/qwen3/model.rs	27	fn	new	225	88	USED
crates/model/src/qwen3/model.rs	40	fn	new_with_tp	3	0	USED
crates/model/src/qwen3/model.rs	53	fn	from_weights	23	0	USED
crates/model/src/qwen3/block/construct.rs	21	fn	new	225	88	USED
crates/model/src/qwen3/block/construct.rs	74	fn	new_with_tp	3	0	USED
crates/model/src/qwen3/block/construct.rs	124	fn	new_with_weights	11	2	USED
crates/model/src/qwen3/block/weights.rs	16	fn	from_weights	23	0	USED
crates/model/src/qwen3_5/block/full.rs	28	fn	new	225	88	USED
crates/model/src/qwen3_5/block/full.rs	60	fn	with_attn_gate	0	0	TRULY-UNUSED
crates/model/src/qwen3_5/block/full.rs	69	fn	forward	75	32	USED
crates/model/src/qwen3_5/block/full.rs	77	fn	forward_prefill	20	6	USED
crates/model/src/qwen3_5/block/full.rs	95	fn	forward_decode	20	6	USED
crates/model/src/qwen3_5/block/full.rs	145	fn	from_weights	23	0	USED
crates/model/src/qwen3_5/block/linear.rs	71	fn	forward	75	32	USED
crates/model/src/qwen3_5/block/linear.rs	79	fn	forward_prefill	20	6	USED
crates/model/src/qwen3_5/block/linear.rs	87	fn	forward_decode	20	6	USED
crates/model/src/qwen3_5/block/linear.rs	101	fn	from_weights	23	0	USED
crates/model/src/qwen3_5/config.rs	30	fn	legacy_heuristic	1	0	USED
crates/model/src/qwen3_5/config.rs	46	fn	from_text_config	0	0	INTERNAL-ONLY
crates/model/src/qwen3_5/config.rs	57	fn	from_qwen3_config	1	0	USED
crates/model/src/qwen3_5/attention35.rs	35	fn	new	225	88	USED
crates/model/src/qwen3_5/attention35.rs	59	fn	from_weights	23	0	USED
crates/model/src/qwen3_5/attention35.rs	106	fn	forward	75	32	USED
crates/model/src/qwen3_5/attention35.rs	118	fn	forward_prefill	20	6	USED
crates/model/src/qwen3_5/attention35.rs	153	fn	forward_decode	20	6	USED
crates/model/src/qwen3_5/model.rs	46	fn	new	225	88	USED
crates/model/src/qwen3_5/model.rs	116	fn	from_weights	23	0	USED
crates/model/src/causal_lm/hybrid_lm.rs	45	fn	from_parts	1	0	USED
crates/model/src/causal_lm/hybrid_lm.rs	70	fn	forward_with_cache	4	4	USED
crates/model/src/causal_lm/model/mod.rs	54	fn	forward_with_cache	4	4	USED
crates/model/src/causal_lm/model/construct.rs	28	fn	new_with_block_fn	5	0	USED
crates/model/src/causal_lm/model/construct.rs	84	fn	from_hf_weights_ln	4	0	USED
crates/model/src/causal_lm/model/construct.rs	159	fn	new_rms	4	0	USED
crates/model/src/causal_lm/model/construct.rs	214	fn	from_hf_weights_rms	3	0	USED
crates/model/src/kv_cache.rs	17	fn	new	225	88	USED
crates/model/src/kv_cache.rs	55	fn	write_compressed	0	0	INTERNAL-ONLY
crates/model/src/kv_cache.rs	175	fn	read_compressed	0	0	INTERNAL-ONLY
crates/model/src/tokenizer.rs	38	fn	new	225	88	USED
crates/model/src/tokenizer.rs	55	fn	from_file	3	1	USED
crates/model/src/tokenizer.rs	90	fn	encode	3	5	USED
crates/model/src/tokenizer.rs	104	fn	decode	46	27	USED
crates/model/src/tokenizer.rs	123	fn	special_tokens	0	1	TEST-ONLY
crates/model/src/tokenizer.rs	128	fn	is_special_token	2	0	USED
crates/model/src/tokenizer.rs	133	fn	clean_special_tokens	2	0	USED
crates/model/src/tokenizer.rs	142	fn	model_name	1	0	USED
crates/server/src/openai/batch/manager.rs	22	fn	new	225	88	USED
crates/server/src/openai/batch/types.rs	20	fn	parse	13	3	USED
crates/server/src/openai/batch/types.rs	190	fn	new	225	88	USED
crates/server/src/openai/types.rs	26	fn	new	225	88	USED
crates/server/src/openai/types.rs	61	fn	new	225	88	USED
crates/server/src/openai/types.rs	78	fn	with_code	3	1	USED
crates/server/src/openai/types.rs	154	fn	new	225	88	USED
crates/server/src/openai/types.rs	203	fn	new	225	88	USED
crates/server/src/openai/types.rs	268	fn	new	225	88	USED
crates/server/src/openai/types.rs	324	fn	new	225	88	USED
crates/server/src/security/audit.rs	48	fn	new	225	88	USED
crates/server/src/security/correlation.rs	27	fn	new	225	88	USED
crates/server/src/security/correlation.rs	58	fn	extract_id	0	1	TEST-ONLY
crates/server/src/security/rbac.rs	34	fn	from_str	8	3	USED
crates/server/src/security/rbac.rs	91	fn	new	225	88	USED
crates/server/src/security/rbac.rs	106	fn	check_permission	0	1	TEST-ONLY
crates/server/src/security/rbac.rs	115	fn	extract_role_from_headers	0	0	INTERNAL-ONLY
crates/server/src/security/rbac.rs	128	fn	required_action_for_path	0	1	TEST-ONLY
crates/server/src/security/jwt.rs	104	fn	with_secret	0	2	TEST-ONLY
crates/server/src/security/jwt.rs	117	fn	with_public_key	0	1	TEST-ONLY
crates/server/src/security/jwt.rs	130	fn	with_issuer	0	2	TEST-ONLY
crates/server/src/security/jwt.rs	138	fn	with_audience	0	2	TEST-ONLY
crates/server/src/security/jwt.rs	178	fn	validate	8	3	USED
crates/server/src/security/jwt.rs	261	fn	extract_token	0	1	TEST-ONLY
crates/server/src/security/jwt.rs	274	fn	new	225	88	USED
crates/server/src/security/tls.rs	49	fn	new	225	88	USED
crates/server/src/security/tls.rs	61	fn	with_ca_cert	0	1	TEST-ONLY
crates/server/src/security/tls.rs	76	fn	load	36	13	USED
crates/server/src/security/tls.rs	137	fn	new	225	88	USED
crates/server/src/security/tls.rs	154	fn	acceptor	0	0	TRULY-UNUSED
crates/server/src/draft_loader.rs	42	fn	new	225	88	USED
crates/server/src/draft_loader.rs	79	fn	len	105	47	USED
crates/server/src/draft_loader.rs	85	fn	is_empty	50	32	USED
crates/server/src/cli/args.rs	194	fn	to_app_config	1	1	USED
crates/server/src/backpressure.rs	64	fn	new	225	88	USED
crates/server/src/backpressure.rs	72	fn	increment	5	2	USED
crates/server/src/backpressure.rs	77	fn	decrement	1	1	USED
crates/server/src/backpressure.rs	82	fn	batch_increment	0	0	INTERNAL-ONLY
crates/server/src/backpressure.rs	87	fn	batch_decrement	0	0	INTERNAL-ONLY
crates/server/src/backpressure.rs	112	fn	should_throttle	0	0	INTERNAL-ONLY
crates/server/src/backpressure.rs	117	fn	pending_count	0	0	INTERNAL-ONLY
crates/server/src/backpressure.rs	121	fn	reset	4	1	USED
crates/server/src/backpressure.rs	136	fn	new	225	88	USED
crates/server/src/backpressure.rs	146	fn	before_send	0	0	INTERNAL-ONLY
crates/server/src/backpressure.rs	150	fn	after_send	0	0	INTERNAL-ONLY
crates/server/src/backpressure.rs	154	fn	can_send	0	0	INTERNAL-ONLY
crates/server/src/auth.rs	61	fn	new	225	88	USED
crates/server/src/config/mod.rs	98	fn	load	36	13	USED
crates/server/src/config/mod.rs	132	fn	validate	8	3	USED
crates/server/src/config/auth.rs	40	fn	resolve_api_keys	1	0	USED
crates/testing/src/builders/mod.rs	24	fn	with_prompt	0	0	INTERNAL-ONLY
crates/testing/src/builders/mod.rs	36	fn	build	30	8	USED
crates/testing/src/builders/mod.rs	66	fn	add_sequence	1	0	USED
crates/testing/src/builders/mod.rs	78	fn	build	30	8	USED
crates/testing/src/fixtures/mod.rs	16	fn	default_scheduler_config	0	0	INTERNAL-ONLY
crates/testing/src/fixtures/mod.rs	21	fn	small_batch_config	0	0	INTERNAL-ONLY
crates/testing/src/fixtures/mod.rs	39	fn	chunked_prefill_config	0	0	TRULY-UNUSED
crates/testing/src/fixtures/mod.rs	57	fn	pd_separation_config	0	0	TRULY-UNUSED
crates/testing/src/fixtures/mod.rs	75	fn	priority_config	0	0	TRULY-UNUSED
crates/testing/src/fixtures/mod.rs	84	fn	oom_scenario_config	0	0	INTERNAL-ONLY
crates/testing/src/fixtures/mod.rs	103	fn	increment_engine	0	1	TEST-ONLY
crates/testing/src/fixtures/mod.rs	109	fn	increment_engine_with	3	7	USED
crates/testing/src/fixtures/mod.rs	119	fn	increment_speculative_engine	0	1	TEST-ONLY
crates/testing/src/fixtures/mod.rs	125	fn	increment_speculative_engine_with	2	2	USED
crates/testing/src/harness.rs	62	fn	into_scheduler_config	0	0	INTERNAL-ONLY
crates/testing/src/harness.rs	112	fn	new	225	88	USED
crates/testing/src/harness.rs	118	fn	from_config	4	0	USED
crates/testing/src/harness.rs	147	fn	reset_metrics	0	0	TRULY-UNUSED
crates/testing/src/harness.rs	152	fn	add_test_request	0	0	INTERNAL-ONLY
crates/testing/src/harness.rs	158	fn	build_test_batch	0	0	INTERNAL-ONLY
crates/testing/src/harness.rs	163	fn	has_pending	2	13	USED
crates/testing/src/harness.rs	168	fn	waiting_count	5	4	USED
crates/testing/src/request_factory.rs	103	fn	new	225	88	USED
crates/testing/src/request_factory.rs	152	fn	create	7	3	USED
crates/testing/src/request_factory.rs	157	fn	create_with_id	0	0	INTERNAL-ONLY
crates/testing/src/request_factory.rs	167	fn	create_batch	2	0	USED
crates/testing/src/request_factory.rs	172	fn	create_batch_from	0	0	TRULY-UNUSED
crates/testing/src/request_factory.rs	179	fn	create_with_prompt	0	0	INTERNAL-ONLY
crates/traits/src/kernels.rs	55	fn	from_env	2	1	USED
crates/traits/src/types.rs	84	fn	has_prefill	0	2	TEST-ONLY
crates/traits/src/types.rs	89	fn	has_decode	0	2	TEST-ONLY
crates/traits/src/model.rs	31	fn	new	225	88	USED
crates/traits/src/model.rs	226	fn	default_arc	9	3	USED
